team_ID,team_abbreviation,team_wins,team_losses,team_win_percentage,conference,team_playoff_rank,season
1610612755,76ers,56,26,0.683,East,1,2000-01
1610612759,Spurs,58,24,0.707,West,1,2000-01
1610612747,Lakers,56,26,0.683,West,2,2000-01
1610612749,Bucks,52,30,0.634,East,2,2000-01
1610612748,Heat,50,32,0.61,East,3,2000-01
1610612758,Kings,55,27,0.671,West,3,2000-01
1610612742,Mavericks,53,29,0.646,West,4,2000-01
1610612752,Knicks,48,34,0.585,East,4,2000-01
1610612762,Jazz,53,29,0.646,West,4,2000-01
1610612761,Raptors,47,35,0.573,East,5,2000-01
1610612756,Suns,51,31,0.622,West,6,2000-01
1610612766,Hornets,46,36,0.561,East,6,2000-01
1610612753,Magic,43,39,0.524,East,7,2000-01
1610612757,Trail Blazers,50,32,0.61,West,7,2000-01
1610612750,Timberwolves,47,35,0.573,West,8,2000-01
1610612754,Pacers,41,41,0.5,East,8,2000-01
1610612738,Celtics,36,46,0.439,East,9,2000-01
1610612745,Rockets,45,37,0.549,West,9,2000-01
1610612760,SuperSonics,44,38,0.537,West,10,2000-01
1610612765,Pistons,32,50,0.39,East,10,2000-01
1610612739,Cavaliers,30,52,0.366,East,11,2000-01
1610612743,Nuggets,40,42,0.488,West,11,2000-01
1610612746,Clippers,31,51,0.378,West,12,2000-01
1610612751,Nets,26,56,0.317,East,12,2000-01
1610612737,Hawks,25,57,0.305,East,13,2000-01
1610612763,Grizzlies,23,59,0.28,West,13,2000-01
1610612744,Warriors,17,65,0.207,West,14,2000-01
1610612764,Wizards,19,63,0.232,East,14,2000-01
1610612741,Bulls,15,67,0.183,East,15,2000-01
1610612758,Kings,61,21,0.744,West,1,2001-02
1610612751,Nets,52,30,0.634,East,1,2001-02
1610612765,Pistons,50,32,0.61,East,2,2001-02
1610612759,Spurs,58,24,0.707,West,2,2001-02
1610612738,Celtics,49,33,0.598,East,3,2001-02
1610612747,Lakers,58,24,0.707,West,3,2001-02
1610612766,Hornets,44,38,0.537,East,4,2001-02
1610612742,Mavericks,57,25,0.695,West,4,2001-02
1610612750,Timberwolves,50,32,0.61,West,5,2001-02
1610612753,Magic,44,38,0.537,East,5,2001-02
1610612755,76ers,43,39,0.524,East,6,2001-02
1610612757,Trail Blazers,49,33,0.598,West,6,2001-02
1610612760,SuperSonics,45,37,0.549,West,7,2001-02
1610612761,Raptors,42,40,0.512,East,7,2001-02
1610612754,Pacers,42,40,0.512,East,8,2001-02
1610612762,Jazz,44,38,0.537,West,8,2001-02
1610612749,Bucks,41,41,0.5,East,9,2001-02
1610612746,Clippers,39,43,0.476,West,9,2001-02
1610612764,Wizards,37,45,0.451,East,10,2001-02
1610612756,Suns,36,46,0.439,West,10,2001-02
1610612745,Rockets,28,54,0.341,West,11,2001-02
1610612748,Heat,36,46,0.439,East,11,2001-02
1610612743,Nuggets,27,55,0.329,West,12,2001-02
1610612737,Hawks,33,49,0.402,East,12,2001-02
1610612763,Grizzlies,23,59,0.28,West,13,2001-02
1610612752,Knicks,30,52,0.366,East,13,2001-02
1610612744,Warriors,21,61,0.256,West,14,2001-02
1610612739,Cavaliers,29,53,0.354,East,14,2001-02
1610612741,Bulls,21,61,0.256,East,15,2001-02
1610612759,Spurs,60,22,0.732,West,1,2002-03
1610612765,Pistons,50,32,0.61,East,1,2002-03
1610612751,Nets,49,33,0.598,East,2,2002-03
1610612758,Kings,59,23,0.72,West,2,2002-03
1610612754,Pacers,48,34,0.585,East,3,2002-03
1610612742,Mavericks,60,22,0.732,West,3,2002-03
1610612750,Timberwolves,51,31,0.622,West,4,2002-03
1610612755,76ers,48,34,0.585,East,4,2002-03
1610612747,Lakers,50,32,0.61,West,5,2002-03
1610612740,Hornets,47,35,0.573,East,5,2002-03
1610612738,Celtics,44,38,0.537,East,6,2002-03
1610612757,Trail Blazers,50,32,0.61,West,6,2002-03
1610612762,Jazz,47,35,0.573,West,7,2002-03
1610612749,Bucks,42,40,0.512,East,7,2002-03
1610612753,Magic,42,40,0.512,East,8,2002-03
1610612756,Suns,44,38,0.537,West,8,2002-03
1610612745,Rockets,43,39,0.524,West,9,2002-03
1610612764,Wizards,37,45,0.451,East,9,2002-03
1610612760,SuperSonics,40,42,0.488,West,10,2002-03
1610612752,Knicks,37,45,0.451,East,10,2002-03
1610612744,Warriors,38,44,0.463,West,11,2002-03
1610612737,Hawks,35,47,0.427,East,11,2002-03
1610612741,Bulls,30,52,0.366,East,12,2002-03
1610612763,Grizzlies,28,54,0.341,West,12,2002-03
1610612746,Clippers,27,55,0.329,West,13,2002-03
1610612748,Heat,25,57,0.305,East,13,2002-03
1610612761,Raptors,24,58,0.293,East,14,2002-03
1610612743,Nuggets,17,65,0.207,West,14,2002-03
1610612739,Cavaliers,17,65,0.207,East,15,2002-03
1610612754,Pacers,61,21,0.744,East,1,2003-04
1610612750,Timberwolves,58,24,0.707,West,1,2003-04
1610612751,Nets,47,35,0.573,East,2,2003-04
1610612747,Lakers,56,26,0.683,West,2,2003-04
1610612759,Spurs,57,25,0.695,West,3,2003-04
1610612765,Pistons,54,28,0.659,East,3,2003-04
1610612758,Kings,55,27,0.671,West,4,2003-04
1610612748,Heat,42,40,0.512,East,4,2003-04
1610612740,Hornets,41,41,0.5,East,5,2003-04
1610612742,Mavericks,52,30,0.634,West,5,2003-04
1610612763,Grizzlies,50,32,0.61,West,6,2003-04
1610612749,Bucks,41,41,0.5,East,6,2003-04
1610612752,Knicks,39,43,0.476,East,7,2003-04
1610612745,Rockets,45,37,0.549,West,7,2003-04
1610612743,Nuggets,43,39,0.524,West,8,2003-04
1610612738,Celtics,36,46,0.439,East,8,2003-04
1610612739,Cavaliers,35,47,0.427,East,9,2003-04
1610612762,Jazz,42,40,0.512,West,9,2003-04
1610612761,Raptors,33,49,0.402,East,10,2003-04
1610612757,Trail Blazers,41,41,0.5,West,10,2003-04
1610612744,Warriors,37,45,0.451,West,11,2003-04
1610612755,76ers,33,49,0.402,East,11,2003-04
1610612737,Hawks,28,54,0.341,East,12,2003-04
1610612760,SuperSonics,37,45,0.451,West,12,2003-04
1610612764,Wizards,25,57,0.305,East,13,2003-04
1610612756,Suns,29,53,0.354,West,13,2003-04
1610612746,Clippers,28,54,0.341,West,14,2003-04
1610612741,Bulls,23,59,0.28,East,14,2003-04
1610612753,Magic,21,61,0.256,East,15,2003-04
1610612756,Suns,62,20,0.756,West,1,2004-05
1610612748,Heat,59,23,0.72,East,1,2004-05
1610612759,Spurs,59,23,0.72,West,2,2004-05
1610612765,Pistons,54,28,0.659,East,2,2004-05
1610612741,Bulls,47,35,0.573,East,3,2004-05
1610612742,Mavericks,58,24,0.707,West,3,2004-05
1610612738,Celtics,45,37,0.549,East,4,2004-05
1610612760,SuperSonics,52,30,0.634,West,4,2004-05
1610612745,Rockets,51,31,0.622,West,5,2004-05
1610612764,Wizards,45,37,0.549,East,5,2004-05
1610612758,Kings,50,32,0.61,West,6,2004-05
1610612754,Pacers,44,38,0.537,East,6,2004-05
1610612743,Nuggets,49,33,0.598,West,7,2004-05
1610612755,76ers,43,39,0.524,East,7,2004-05
1610612751,Nets,42,40,0.512,East,8,2004-05
1610612763,Grizzlies,45,37,0.549,West,8,2004-05
1610612739,Cavaliers,42,40,0.512,East,9,2004-05
1610612750,Timberwolves,44,38,0.537,West,9,2004-05
1610612753,Magic,36,46,0.439,East,10,2004-05
1610612746,Clippers,37,45,0.451,West,10,2004-05
1610612747,Lakers,34,48,0.415,West,11,2004-05
1610612761,Raptors,33,49,0.402,East,11,2004-05
1610612752,Knicks,33,49,0.402,East,12,2004-05
1610612744,Warriors,34,48,0.415,West,12,2004-05
1610612757,Trail Blazers,27,55,0.329,West,13,2004-05
1610612749,Bucks,30,52,0.366,East,13,2004-05
1610612762,Jazz,26,56,0.317,West,14,2004-05
1610612766,Bobcats,18,64,0.22,East,14,2004-05
1610612737,Hawks,13,69,0.159,East,15,2004-05
1610612740,Hornets,18,64,0.22,West,15,2004-05
1610612759,Spurs,63,19,0.768,West,1,2005-06
1610612765,Pistons,64,18,0.78,East,1,2005-06
1610612742,Mavericks,60,22,0.732,West,2,2005-06
1610612748,Heat,52,30,0.634,East,2,2005-06
1610612739,Cavaliers,50,32,0.61,East,3,2005-06
1610612756,Suns,54,28,0.659,West,3,2005-06
1610612743,Nuggets,44,38,0.537,West,4,2005-06
1610612751,Nets,49,33,0.598,East,4,2005-06
1610612763,Grizzlies,49,33,0.598,West,5,2005-06
1610612764,Wizards,42,40,0.512,East,5,2005-06
1610612746,Clippers,47,35,0.573,West,6,2005-06
1610612754,Pacers,41,41,0.5,East,6,2005-06
1610612741,Bulls,41,41,0.5,East,7,2005-06
1610612747,Lakers,45,37,0.549,West,7,2005-06
1610612749,Bucks,40,42,0.481,East,8,2005-06
1610612758,Kings,44,38,0.537,West,8,2005-06
1610612755,76ers,38,44,0.463,East,9,2005-06
1610612762,Jazz,41,41,0.5,West,9,2005-06
1610612740,Hornets,38,44,0.463,West,10,2005-06
1610612753,Magic,36,46,0.439,East,10,2005-06
1610612738,Celtics,33,49,0.402,East,11,2005-06
1610612760,SuperSonics,35,47,0.427,West,11,2005-06
1610612745,Rockets,34,48,0.415,West,12,2005-06
1610612761,Raptors,27,55,0.329,East,12,2005-06
1610612744,Warriors,34,48,0.415,West,13,2005-06
1610612766,Bobcats,26,56,0.317,East,13,2005-06
1610612737,Hawks,26,56,0.317,East,14,2005-06
1610612750,Timberwolves,33,49,0.402,West,14,2005-06
1610612752,Knicks,23,59,0.28,East,15,2005-06
1610612757,Trail Blazers,21,61,0.256,West,15,2005-06
1610612742,Mavericks,67,15,0.817,West,1,2006-07
1610612765,Pistons,53,29,0.646,East,1,2006-07
1610612739,Cavaliers,50,32,0.61,East,2,2006-07
1610612756,Suns,61,21,0.744,West,2,2006-07
1610612761,Raptors,47,35,0.573,East,3,2006-07
1610612759,Spurs,58,24,0.707,West,3,2006-07
1610612748,Heat,44,38,0.537,East,4,2006-07
1610612762,Jazz,51,31,0.622,West,4,2006-07
1610612745,Rockets,52,30,0.634,West,5,2006-07
1610612741,Bulls,49,33,0.598,East,5,2006-07
1610612743,Nuggets,45,37,0.549,West,6,2006-07
1610612751,Nets,41,41,0.5,East,6,2006-07
1610612747,Lakers,42,40,0.512,West,7,2006-07
1610612764,Wizards,41,41,0.5,East,7,2006-07
1610612753,Magic,40,42,0.488,East,8,2006-07
1610612744,Warriors,42,40,0.512,West,8,2006-07
1610612754,Pacers,35,47,0.427,East,9,2006-07
1610612746,Clippers,40,42,0.488,West,9,2006-07
1610612755,76ers,35,47,0.427,East,10,2006-07
1610612740,Hornets,39,43,0.476,West,10,2006-07
1610612758,Kings,33,49,0.402,West,11,2006-07
1610612766,Bobcats,33,49,0.402,East,11,2006-07
1610612757,Trail Blazers,32,50,0.39,West,12,2006-07
1610612752,Knicks,33,49,0.402,East,12,2006-07
1610612750,Timberwolves,32,50,0.39,West,13,2006-07
1610612737,Hawks,30,52,0.366,East,13,2006-07
1610612760,SuperSonics,31,51,0.378,West,14,2006-07
1610612749,Bucks,28,54,0.341,East,14,2006-07
1610612738,Celtics,24,58,0.293,East,15,2006-07
1610612763,Grizzlies,22,60,0.268,West,15,2006-07
1610612738,Celtics,66,16,0.805,East,1,2007-08
1610612747,Lakers,57,25,0.695,West,1,2007-08
1610612740,Hornets,56,26,0.683,West,2,2007-08
1610612765,Pistons,59,23,0.72,East,2,2007-08
1610612753,Magic,52,30,0.634,East,3,2007-08
1610612759,Spurs,56,26,0.683,West,3,2007-08
1610612739,Cavaliers,45,37,0.549,East,4,2007-08
1610612762,Jazz,54,28,0.659,West,4,2007-08
1610612745,Rockets,55,27,0.671,West,5,2007-08
1610612764,Wizards,43,39,0.524,East,5,2007-08
1610612756,Suns,55,27,0.671,West,6,2007-08
1610612761,Raptors,41,41,0.5,East,6,2007-08
1610612742,Mavericks,51,31,0.622,West,7,2007-08
1610612755,76ers,40,42,0.488,East,7,2007-08
1610612737,Hawks,37,45,0.451,East,8,2007-08
1610612743,Nuggets,50,32,0.61,West,8,2007-08
1610612744,Warriors,48,34,0.585,West,9,2007-08
1610612754,Pacers,36,46,0.439,East,9,2007-08
1610612751,Nets,34,48,0.415,East,10,2007-08
1610612757,Trail Blazers,41,41,0.5,West,10,2007-08
1610612741,Bulls,33,49,0.402,East,11,2007-08
1610612758,Kings,38,44,0.463,West,11,2007-08
1610612746,Clippers,23,59,0.28,West,12,2007-08
1610612766,Bobcats,32,50,0.39,East,12,2007-08
1610612749,Bucks,26,56,0.317,East,13,2007-08
1610612750,Timberwolves,22,60,0.268,West,13,2007-08
1610612752,Knicks,23,59,0.28,East,14,2007-08
1610612763,Grizzlies,22,60,0.268,West,14,2007-08
1610612748,Heat,15,67,0.183,East,15,2007-08
1610612760,SuperSonics,20,62,0.244,West,15,2007-08
1610612739,Cavaliers,66,16,0.805,East,1,2008-09
1610612747,Lakers,65,17,0.793,West,1,2008-09
1610612743,Nuggets,54,28,0.659,West,2,2008-09
1610612738,Celtics,62,20,0.756,East,2,2008-09
1610612759,Spurs,54,28,0.659,West,3,2008-09
1610612753,Magic,59,23,0.72,East,3,2008-09
1610612737,Hawks,47,35,0.573,East,4,2008-09
1610612757,Trail Blazers,54,28,0.659,West,4,2008-09
1610612748,Heat,43,39,0.524,East,5,2008-09
1610612745,Rockets,53,29,0.646,West,5,2008-09
1610612742,Mavericks,50,32,0.61,West,6,2008-09
1610612755,76ers,41,41,0.5,East,6,2008-09
1610612741,Bulls,41,41,0.5,East,7,2008-09
1610612740,Hornets,49,33,0.598,West,7,2008-09
1610612765,Pistons,39,43,0.476,East,8,2008-09
1610612762,Jazz,48,34,0.585,West,8,2008-09
1610612756,Suns,46,36,0.561,West,9,2008-09
1610612754,Pacers,36,46,0.439,East,9,2008-09
1610612766,Bobcats,35,47,0.427,East,10,2008-09
1610612744,Warriors,29,53,0.354,West,10,2008-09
1610612750,Timberwolves,24,58,0.293,West,11,2008-09
1610612751,Nets,34,48,0.415,East,11,2008-09
1610612749,Bucks,34,48,0.415,East,12,2008-09
1610612763,Grizzlies,24,58,0.293,West,12,2008-09
1610612760,Thunder,23,59,0.28,West,13,2008-09
1610612761,Raptors,33,49,0.402,East,13,2008-09
1610612746,Clippers,19,63,0.232,West,14,2008-09
1610612752,Knicks,32,50,0.39,East,14,2008-09
1610612764,Wizards,19,63,0.232,East,15,2008-09
1610612758,Kings,17,65,0.207,West,15,2008-09
1610612739,Cavaliers,61,21,0.744,East,1,2009-10
1610612747,Lakers,57,25,0.695,West,1,2009-10
1610612742,Mavericks,55,27,0.671,West,2,2009-10
1610612753,Magic,59,23,0.72,East,2,2009-10
1610612737,Hawks,53,29,0.646,East,3,2009-10
1610612756,Suns,54,28,0.659,West,3,2009-10
1610612738,Celtics,50,32,0.61,East,4,2009-10
1610612743,Nuggets,53,29,0.646,West,4,2009-10
1610612748,Heat,47,35,0.573,East,5,2009-10
1610612762,Jazz,53,29,0.646,West,5,2009-10
1610612749,Bucks,46,36,0.561,East,6,2009-10
1610612757,Trail Blazers,50,32,0.61,West,6,2009-10
1610612759,Spurs,50,32,0.61,West,7,2009-10
1610612766,Bobcats,44,38,0.537,East,7,2009-10
1610612741,Bulls,41,41,0.5,East,8,2009-10
1610612760,Thunder,50,32,0.61,West,8,2009-10
1610612745,Rockets,42,40,0.512,West,9,2009-10
1610612761,Raptors,40,42,0.488,East,9,2009-10
1610612754,Pacers,32,50,0.39,East,10,2009-10
1610612763,Grizzlies,40,42,0.488,West,10,2009-10
1610612740,Hornets,37,45,0.451,West,11,2009-10
1610612752,Knicks,29,53,0.354,East,11,2009-10
1610612746,Clippers,29,53,0.354,West,12,2009-10
1610612765,Pistons,27,55,0.329,East,12,2009-10
1610612744,Warriors,26,56,0.317,West,13,2009-10
1610612755,76ers,27,55,0.329,East,13,2009-10
1610612758,Kings,25,57,0.305,West,14,2009-10
1610612764,Wizards,26,56,0.317,East,14,2009-10
1610612750,Timberwolves,15,67,0.183,West,15,2009-10
1610612751,Nets,12,70,0.146,East,15,2009-10
1610612741,Bulls,62,20,0.756,East,1,2010-11
1610612759,Spurs,61,21,0.744,West,1,2010-11
1610612747,Lakers,57,25,0.695,West,2,2010-11
1610612748,Heat,58,24,0.707,East,2,2010-11
1610612738,Celtics,56,26,0.683,East,3,2010-11
1610612742,Mavericks,57,25,0.695,West,3,2010-11
1610612753,Magic,52,30,0.634,East,4,2010-11
1610612760,Thunder,55,27,0.671,West,4,2010-11
1610612737,Hawks,44,38,0.537,East,5,2010-11
1610612743,Nuggets,50,32,0.61,West,5,2010-11
1610612752,Knicks,42,40,0.512,East,6,2010-11
1610612757,Trail Blazers,48,34,0.585,West,6,2010-11
1610612740,Hornets,46,36,0.561,West,7,2010-11
1610612755,76ers,41,41,0.5,East,7,2010-11
1610612754,Pacers,37,45,0.451,East,8,2010-11
1610612763,Grizzlies,46,36,0.561,West,8,2010-11
1610612745,Rockets,43,39,0.524,West,9,2010-11
1610612749,Bucks,35,47,0.427,East,9,2010-11
1610612756,Suns,40,42,0.488,West,10,2010-11
1610612766,Bobcats,34,48,0.415,East,10,2010-11
1610612762,Jazz,39,43,0.476,West,11,2010-11
1610612765,Pistons,30,52,0.366,East,11,2010-11
1610612744,Warriors,36,46,0.439,West,12,2010-11
1610612751,Nets,24,58,0.293,East,12,2010-11
1610612746,Clippers,32,50,0.39,West,13,2010-11
1610612764,Wizards,23,59,0.28,East,13,2010-11
1610612758,Kings,24,58,0.293,West,14,2010-11
1610612761,Raptors,22,60,0.268,East,14,2010-11
1610612739,Cavaliers,19,63,0.232,East,15,2010-11
1610612750,Timberwolves,17,65,0.207,West,15,2010-11
1610612741,Bulls,50,16,0.758,East,1,2011-12
1610612759,Spurs,50,16,0.758,West,1,2011-12
1610612748,Heat,46,20,0.697,East,2,2011-12
1610612760,Thunder,47,19,0.712,West,2,2011-12
1610612747,Lakers,41,25,0.621,West,3,2011-12
1610612754,Pacers,42,24,0.636,East,3,2011-12
1610612738,Celtics,39,27,0.591,East,4,2011-12
1610612763,Grizzlies,41,25,0.621,West,4,2011-12
1610612737,Hawks,40,26,0.606,East,5,2011-12
1610612746,Clippers,40,26,0.606,West,5,2011-12
1610612743,Nuggets,38,28,0.576,West,6,2011-12
1610612753,Magic,37,29,0.561,East,6,2011-12
1610612742,Mavericks,36,30,0.545,West,7,2011-12
1610612752,Knicks,36,30,0.545,East,7,2011-12
1610612755,76ers,35,31,0.53,East,8,2011-12
1610612762,Jazz,36,30,0.545,West,8,2011-12
1610612745,Rockets,34,32,0.515,West,9,2011-12
1610612749,Bucks,31,35,0.47,East,9,2011-12
1610612756,Suns,33,33,0.5,West,10,2011-12
1610612765,Pistons,25,41,0.379,East,10,2011-12
1610612757,Trail Blazers,28,38,0.424,West,11,2011-12
1610612761,Raptors,23,43,0.348,East,11,2011-12
1610612750,Timberwolves,26,40,0.394,West,12,2011-12
1610612751,Nets,22,44,0.333,East,12,2011-12
1610612739,Cavaliers,21,45,0.318,East,13,2011-12
1610612744,Warriors,23,43,0.348,West,13,2011-12
1610612758,Kings,22,44,0.333,West,14,2011-12
1610612764,Wizards,20,46,0.303,East,14,2011-12
1610612740,Hornets,21,45,0.318,West,15,2011-12
1610612766,Bobcats,7,59,0.106,East,15,2011-12
1610612748,Heat,66,16,0.805,East,1,2012-13
1610612760,Thunder,60,22,0.732,West,1,2012-13
1610612752,Knicks,54,28,0.659,East,2,2012-13
1610612759,Spurs,58,24,0.707,West,2,2012-13
1610612754,Pacers,49,32,0.605,East,3,2012-13
1610612743,Nuggets,57,25,0.695,West,3,2012-13
1610612751,Nets,49,33,0.598,East,4,2012-13
1610612746,Clippers,56,26,0.683,West,4,2012-13
1610612763,Grizzlies,56,26,0.683,West,5,2012-13
1610612741,Bulls,45,37,0.549,East,5,2012-13
1610612737,Hawks,44,38,0.537,East,6,2012-13
1610612744,Warriors,47,35,0.573,West,6,2012-13
1610612747,Lakers,45,37,0.549,West,7,2012-13
1610612738,Celtics,41,40,0.506,East,7,2012-13
1610612745,Rockets,45,37,0.549,West,8,2012-13
1610612749,Bucks,38,44,0.463,East,8,2012-13
1610612755,76ers,34,48,0.415,East,9,2012-13
1610612762,Jazz,43,39,0.524,West,9,2012-13
1610612742,Mavericks,41,41,0.5,West,10,2012-13
1610612761,Raptors,34,48,0.415,East,10,2012-13
1610612757,Trail Blazers,33,49,0.402,West,11,2012-13
1610612765,Pistons,29,53,0.354,East,11,2012-13
1610612764,Wizards,29,53,0.354,East,12,2012-13
1610612750,Timberwolves,31,51,0.378,West,12,2012-13
1610612758,Kings,28,54,0.341,West,13,2012-13
1610612739,Cavaliers,24,58,0.293,East,13,2012-13
1610612740,Hornets,27,55,0.329,West,14,2012-13
1610612766,Bobcats,21,61,0.256,East,14,2012-13
1610612753,Magic,20,62,0.244,East,15,2012-13
1610612756,Suns,25,57,0.305,West,15,2012-13
1610612754,Pacers,56,26,0.683,East,1,2013-14
1610612759,Spurs,62,20,0.756,West,1,2013-14
1610612748,Heat,54,28,0.659,East,2,2013-14
1610612760,Thunder,59,23,0.72,West,2,2013-14
1610612746,Clippers,57,25,0.695,West,3,2013-14
1610612761,Raptors,48,34,0.585,East,3,2013-14
1610612741,Bulls,48,34,0.585,East,4,2013-14
1610612745,Rockets,54,28,0.659,West,4,2013-14
1610612757,Trail Blazers,54,28,0.659,West,5,2013-14
1610612764,Wizards,44,38,0.537,East,5,2013-14
1610612744,Warriors,51,31,0.622,West,6,2013-14
1610612751,Nets,44,38,0.537,East,6,2013-14
1610612763,Grizzlies,50,32,0.61,West,7,2013-14
1610612766,Bobcats,43,39,0.524,East,7,2013-14
1610612737,Hawks,38,44,0.463,East,8,2013-14
1610612742,Mavericks,49,33,0.598,West,8,2013-14
1610612752,Knicks,37,45,0.451,East,9,2013-14
1610612756,Suns,48,34,0.585,West,9,2013-14
1610612739,Cavaliers,33,49,0.402,East,10,2013-14
1610612750,Timberwolves,40,42,0.488,West,10,2013-14
1610612743,Nuggets,36,46,0.439,West,11,2013-14
1610612765,Pistons,29,53,0.354,East,11,2013-14
1610612738,Celtics,25,57,0.305,East,12,2013-14
1610612740,Pelicans,34,48,0.415,West,12,2013-14
1610612753,Magic,23,59,0.28,East,13,2013-14
1610612758,Kings,28,54,0.341,West,13,2013-14
1610612747,Lakers,27,55,0.329,West,14,2013-14
1610612755,76ers,19,63,0.232,East,14,2013-14
1610612749,Bucks,15,67,0.183,East,15,2013-14
1610612762,Jazz,25,57,0.305,West,15,2013-14
1610612737,Hawks,60,22,0.732,East,1,2014-15
1610612744,Warriors,67,15,0.817,West,1,2014-15
1610612739,Cavaliers,53,29,0.646,East,2,2014-15
1610612745,Rockets,56,26,0.683,West,2,2014-15
1610612741,Bulls,50,32,0.61,East,3,2014-15
1610612746,Clippers,56,26,0.683,West,3,2014-15
1610612757,Trail Blazers,51,31,0.622,West,4,2014-15
1610612761,Raptors,49,33,0.598,East,4,2014-15
1610612763,Grizzlies,55,27,0.671,West,5,2014-15
1610612764,Wizards,46,36,0.561,East,5,2014-15
1610612749,Bucks,41,41,0.5,East,6,2014-15
1610612759,Spurs,55,27,0.671,West,6,2014-15
1610612738,Celtics,40,42,0.488,East,7,2014-15
1610612742,Mavericks,50,32,0.61,West,7,2014-15
1610612740,Pelicans,45,37,0.549,West,8,2014-15
1610612751,Nets,38,44,0.463,East,8,2014-15
1610612754,Pacers,38,44,0.463,East,9,2014-15
1610612760,Thunder,45,37,0.549,West,9,2014-15
1610612748,Heat,37,45,0.451,East,10,2014-15
1610612756,Suns,39,43,0.476,West,10,2014-15
1610612762,Jazz,38,44,0.463,West,11,2014-15
1610612766,Hornets,33,49,0.402,East,11,2014-15
1610612743,Nuggets,30,52,0.366,West,12,2014-15
1610612765,Pistons,32,50,0.39,East,12,2014-15
1610612753,Magic,25,57,0.305,East,13,2014-15
1610612758,Kings,29,53,0.354,West,13,2014-15
1610612747,Lakers,21,61,0.256,West,14,2014-15
1610612755,76ers,18,64,0.22,East,14,2014-15
1610612750,Timberwolves,16,66,0.195,West,15,2014-15
1610612752,Knicks,17,65,0.207,East,15,2014-15
1610612739,Cavaliers,57,25,0.695,East,1,2015-16
1610612744,Warriors,73,9,0.89,West,1,2015-16
1610612759,Spurs,67,15,0.817,West,2,2015-16
1610612761,Raptors,56,26,0.683,East,2,2015-16
1610612760,Thunder,55,27,0.671,West,3,2015-16
1610612748,Heat,48,34,0.585,East,3,2015-16
1610612746,Clippers,53,29,0.646,West,4,2015-16
1610612737,Hawks,48,34,0.585,East,4,2015-16
1610612738,Celtics,48,34,0.585,East,5,2015-16
1610612757,Trail Blazers,44,38,0.537,West,5,2015-16
1610612742,Mavericks,42,40,0.512,West,6,2015-16
1610612766,Hornets,48,34,0.585,East,6,2015-16
1610612754,Pacers,45,37,0.549,East,7,2015-16
1610612763,Grizzlies,42,40,0.512,West,7,2015-16
1610612745,Rockets,41,41,0.5,West,8,2015-16
1610612765,Pistons,44,38,0.537,East,8,2015-16
1610612741,Bulls,42,40,0.512,East,9,2015-16
1610612762,Jazz,40,42,0.488,West,9,2015-16
1610612764,Wizards,41,41,0.5,East,10,2015-16
1610612758,Kings,33,49,0.402,West,10,2015-16
1610612743,Nuggets,33,49,0.402,West,11,2015-16
1610612753,Magic,35,47,0.427,East,11,2015-16
1610612749,Bucks,33,49,0.402,East,12,2015-16
1610612740,Pelicans,30,52,0.366,West,12,2015-16
1610612750,Timberwolves,29,53,0.354,West,13,2015-16
1610612752,Knicks,32,50,0.39,East,13,2015-16
1610612751,Nets,21,61,0.256,East,14,2015-16
1610612756,Suns,23,59,0.28,West,14,2015-16
1610612747,Lakers,17,65,0.207,West,15,2015-16
1610612755,76ers,10,72,0.122,East,15,2015-16
1610612744,Warriors,67,15,0.817,West,1,2016-17
1610612738,Celtics,53,29,0.646,East,1,2016-17
1610612759,Spurs,61,21,0.744,West,2,2016-17
1610612739,Cavaliers,51,31,0.622,East,2,2016-17
1610612761,Raptors,51,31,0.622,East,3,2016-17
1610612745,Rockets,55,27,0.671,West,3,2016-17
1610612746,Clippers,51,31,0.622,West,4,2016-17
1610612764,Wizards,49,33,0.598,East,4,2016-17
1610612737,Hawks,43,39,0.524,East,5,2016-17
1610612762,Jazz,51,31,0.622,West,5,2016-17
1610612760,Thunder,47,35,0.573,West,6,2016-17
1610612749,Bucks,42,40,0.512,East,6,2016-17
1610612754,Pacers,42,40,0.512,East,7,2016-17
1610612763,Grizzlies,43,39,0.524,West,7,2016-17
1610612757,Trail Blazers,41,41,0.5,West,8,2016-17
1610612741,Bulls,41,41,0.5,East,8,2016-17
1610612743,Nuggets,40,42,0.488,West,9,2016-17
1610612748,Heat,41,41,0.5,East,9,2016-17
1610612740,Pelicans,34,48,0.415,West,10,2016-17
1610612765,Pistons,37,45,0.451,East,10,2016-17
1610612766,Hornets,36,46,0.439,East,11,2016-17
1610612742,Mavericks,33,49,0.402,West,11,2016-17
1610612758,Kings,32,50,0.39,West,12,2016-17
1610612752,Knicks,31,51,0.378,East,12,2016-17
1610612753,Magic,29,53,0.354,East,13,2016-17
1610612750,Timberwolves,31,51,0.378,West,13,2016-17
1610612755,76ers,28,54,0.341,East,14,2016-17
1610612747,Lakers,26,56,0.317,West,14,2016-17
1610612756,Suns,24,58,0.293,West,15,2016-17
1610612751,Nets,20,62,0.244,East,15,2016-17
1610612745,Rockets,65,17,0.793,West,1,2017-18
1610612761,Raptors,59,23,0.72,East,1,2017-18
1610612738,Celtics,55,27,0.671,East,2,2017-18
1610612744,Warriors,58,24,0.707,West,2,2017-18
1610612755,76ers,52,30,0.634,East,3,2017-18
1610612757,Trail Blazers,49,33,0.598,West,3,2017-18
1610612739,Cavaliers,50,32,0.61,East,4,2017-18
1610612760,Thunder,48,34,0.585,West,4,2017-18
1610612754,Pacers,48,34,0.585,East,5,2017-18
1610612762,Jazz,48,34,0.585,West,5,2017-18
1610612740,Pelicans,48,34,0.585,West,6,2017-18
1610612748,Heat,44,38,0.537,East,6,2017-18
1610612749,Bucks,44,38,0.537,East,7,2017-18
1610612759,Spurs,47,35,0.573,West,7,2017-18
1610612750,Timberwolves,47,35,0.573,West,8,2017-18
1610612764,Wizards,43,39,0.524,East,8,2017-18
1610612743,Nuggets,46,36,0.561,West,9,2017-18
1610612765,Pistons,39,43,0.476,East,9,2017-18
1610612746,Clippers,42,40,0.512,West,10,2017-18
1610612766,Hornets,36,46,0.439,East,10,2017-18
1610612747,Lakers,35,47,0.427,West,11,2017-18
1610612752,Knicks,29,53,0.354,East,11,2017-18
1610612751,Nets,28,54,0.341,East,12,2017-18
1610612758,Kings,27,55,0.329,West,12,2017-18
1610612741,Bulls,27,55,0.329,East,13,2017-18
1610612742,Mavericks,24,58,0.293,West,13,2017-18
1610612753,Magic,25,57,0.305,East,14,2017-18
1610612763,Grizzlies,22,60,0.268,West,14,2017-18
1610612737,Hawks,24,58,0.293,East,15,2017-18
1610612756,Suns,21,61,0.256,West,15,2017-18
1610612744,Warriors,57,25,0.695,West,1,2018-19
1610612749,Bucks,60,22,0.732,East,1,2018-19
1610612743,Nuggets,54,28,0.659,West,2,2018-19
1610612761,Raptors,58,24,0.707,East,2,2018-19
1610612757,Trail Blazers,53,29,0.646,West,3,2018-19
1610612755,76ers,51,31,0.622,East,3,2018-19
1610612745,Rockets,53,29,0.646,West,4,2018-19
1610612738,Celtics,49,33,0.598,East,4,2018-19
1610612754,Pacers,48,34,0.585,East,5,2018-19
1610612762,Jazz,50,32,0.61,West,5,2018-19
1610612751,Nets,42,40,0.512,East,6,2018-19
1610612760,Thunder,49,33,0.598,West,6,2018-19
1610612759,Spurs,48,34,0.585,West,7,2018-19
1610612753,Magic,42,40,0.512,East,7,2018-19
1610612765,Pistons,41,41,0.5,East,8,2018-19
1610612746,Clippers,48,34,0.585,West,8,2018-19
1610612766,Hornets,39,43,0.476,East,9,2018-19
1610612758,Kings,39,43,0.476,West,9,2018-19
1610612748,Heat,39,43,0.476,East,10,2018-19
1610612747,Lakers,37,45,0.451,West,10,2018-19
1610612764,Wizards,32,50,0.39,East,11,2018-19
1610612750,Timberwolves,36,46,0.439,West,11,2018-19
1610612737,Hawks,29,53,0.354,East,12,2018-19
1610612763,Grizzlies,33,49,0.402,West,12,2018-19
1610612740,Pelicans,33,49,0.402,West,13,2018-19
1610612741,Bulls,22,60,0.268,East,13,2018-19
1610612742,Mavericks,33,49,0.402,West,14,2018-19
1610612739,Cavaliers,19,63,0.232,East,14,2018-19
1610612756,Suns,19,63,0.232,West,15,2018-19
1610612752,Knicks,17,65,0.207,East,15,2018-19
1610612747,Lakers,52,19,0.732,West,1,2019-20
1610612749,Bucks,56,17,0.767,East,1,2019-20
1610612746,Clippers,49,23,0.681,West,2,2019-20
1610612761,Raptors,53,19,0.736,East,2,2019-20
1610612743,Nuggets,46,27,0.63,West,3,2019-20
1610612738,Celtics,48,24,0.667,East,3,2019-20
1610612745,Rockets,44,28,0.611,West,4,2019-20
1610612754,Pacers,45,28,0.616,East,4,2019-20
1610612748,Heat,44,29,0.603,East,5,2019-20
1610612760,Thunder,44,28,0.611,West,5,2019-20
1610612755,76ers,43,30,0.589,East,6,2019-20
1610612762,Jazz,44,28,0.611,West,6,2019-20
1610612751,Nets,35,37,0.486,East,7,2019-20
1610612742,Mavericks,43,32,0.573,West,7,2019-20
1610612753,Magic,33,40,0.452,East,8,2019-20
1610612757,Trail Blazers,35,39,0.473,West,8,2019-20
1610612764,Wizards,25,47,0.347,East,9,2019-20
1610612763,Grizzlies,34,39,0.466,West,9,2019-20
1610612766,Hornets,23,42,0.354,East,10,2019-20
1610612756,Suns,34,39,0.466,West,10,2019-20
1610612741,Bulls,22,43,0.338,East,11,2019-20
1610612759,Spurs,32,39,0.451,West,11,2019-20
1610612752,Knicks,21,45,0.318,East,12,2019-20
1610612758,Kings,31,41,0.431,West,12,2019-20
1610612765,Pistons,20,46,0.303,East,13,2019-20
1610612740,Pelicans,30,42,0.417,West,13,2019-20
1610612737,Hawks,20,47,0.299,East,14,2019-20
1610612750,Timberwolves,19,45,0.297,West,14,2019-20
1610612739,Cavaliers,19,46,0.292,East,15,2019-20
1610612744,Warriors,15,50,0.231,West,15,2019-20
1610612755,76ers,49,23,0.681,East,1,2020-21
1610612762,Jazz,52,20,0.722,West,1,2020-21
1610612751,Nets,48,24,0.667,East,2,2020-21
1610612756,Suns,51,21,0.708,West,2,2020-21
1610612743,Nuggets,47,25,0.653,West,3,2020-21
1610612749,Bucks,46,26,0.639,East,3,2020-21
1610612752,Knicks,41,31,0.569,East,4,2020-21
1610612746,Clippers,47,25,0.653,West,4,2020-21
1610612737,Hawks,41,31,0.569,East,5,2020-21
1610612742,Mavericks,42,30,0.583,West,5,2020-21
1610612757,Trail Blazers,42,30,0.583,West,6,2020-21
1610612748,Heat,40,32,0.556,East,6,2020-21
1610612738,Celtics,36,36,0.5,East,7,2020-21
1610612747,Lakers,42,30,0.583,West,7,2020-21
1610612763,Grizzlies,38,34,0.528,West,8,2020-21
1610612764,Wizards,34,38,0.472,East,8,2020-21
1610612744,Warriors,39,33,0.542,West,9,2020-21
1610612754,Pacers,34,38,0.472,East,9,2020-21
1610612759,Spurs,33,39,0.458,West,10,2020-21
1610612766,Hornets,33,39,0.458,East,10,2020-21
1610612740,Pelicans,31,41,0.431,West,11,2020-21
1610612741,Bulls,31,41,0.431,East,11,2020-21
1610612758,Kings,31,41,0.431,West,12,2020-21
1610612761,Raptors,27,45,0.375,East,12,2020-21
1610612750,Timberwolves,23,49,0.319,West,13,2020-21
1610612739,Cavaliers,22,50,0.306,East,13,2020-21
1610612753,Magic,21,51,0.292,East,14,2020-21
1610612760,Thunder,22,50,0.306,West,14,2020-21
1610612765,Pistons,20,52,0.278,East,15,2020-21
1610612745,Rockets,17,55,0.236,West,15,2020-21
1610612748,Heat,53,29,0.646,East,1,2021-22
1610612756,Suns,64,18,0.78,West,1,2021-22
1610612738,Celtics,51,31,0.622,East,2,2021-22
1610612763,Grizzlies,56,26,0.683,West,2,2021-22
1610612744,Warriors,53,29,0.646,West,3,2021-22
1610612749,Bucks,51,31,0.622,East,3,2021-22
1610612742,Mavericks,52,30,0.634,West,4,2021-22
1610612755,76ers,51,31,0.622,East,4,2021-22
1610612761,Raptors,48,34,0.585,East,5,2021-22
1610612762,Jazz,49,33,0.598,West,5,2021-22
1610612741,Bulls,46,36,0.561,East,6,2021-22
1610612743,Nuggets,48,34,0.585,West,6,2021-22
1610612750,Timberwolves,46,36,0.561,West,7,2021-22
1610612751,Nets,44,38,0.537,East,7,2021-22
1610612739,Cavaliers,44,38,0.537,East,8,2021-22
1610612746,Clippers,42,40,0.512,West,8,2021-22
1610612737,Hawks,43,39,0.524,East,9,2021-22
1610612740,Pelicans,36,46,0.439,West,9,2021-22
1610612759,Spurs,34,48,0.415,West,10,2021-22
1610612766,Hornets,43,39,0.524,East,10,2021-22
1610612747,Lakers,33,49,0.402,West,11,2021-22
1610612752,Knicks,37,45,0.451,East,11,2021-22
1610612758,Kings,30,52,0.366,West,12,2021-22
1610612764,Wizards,35,47,0.427,East,12,2021-22
1610612754,Pacers,25,57,0.305,East,13,2021-22
1610612757,Trail Blazers,27,55,0.329,West,13,2021-22
1610612760,Thunder,24,58,0.293,West,14,2021-22
1610612765,Pistons,23,59,0.28,East,14,2021-22
1610612745,Rockets,20,62,0.244,West,15,2021-22
1610612753,Magic,22,60,0.268,East,15,2021-22
1610612743,Nuggets,53,29,0.646,West,1,2022-23
1610612749,Bucks,58,24,0.707,East,1,2022-23
1610612738,Celtics,57,25,0.695,East,2,2022-23
1610612763,Grizzlies,51,31,0.622,West,2,2022-23
1610612755,76ers,54,28,0.659,East,3,2022-23
1610612758,Kings,48,34,0.585,West,3,2022-23
1610612739,Cavaliers,51,31,0.622,East,4,2022-23
1610612756,Suns,45,37,0.549,West,4,2022-23
1610612746,Clippers,44,38,0.537,West,5,2022-23
1610612752,Knicks,47,35,0.573,East,5,2022-23
1610612744,Warriors,44,38,0.537,West,6,2022-23
1610612751,Nets,45,37,0.549,East,6,2022-23
1610612747,Lakers,43,39,0.524,West,7,2022-23
1610612748,Heat,44,38,0.537,East,7,2022-23
1610612737,Hawks,41,41,0.5,East,8,2022-23
1610612750,Timberwolves,42,40,0.512,West,8,2022-23
1610612740,Pelicans,42,40,0.512,West,9,2022-23
1610612761,Raptors,41,41,0.5,East,9,2022-23
1610612741,Bulls,40,42,0.488,East,10,2022-23
1610612760,Thunder,40,42,0.488,West,10,2022-23
1610612742,Mavericks,38,44,0.463,West,11,2022-23
1610612754,Pacers,35,47,0.427,East,11,2022-23
1610612762,Jazz,37,45,0.451,West,12,2022-23
1610612764,Wizards,35,47,0.427,East,12,2022-23
1610612753,Magic,34,48,0.415,East,13,2022-23
1610612757,Trail Blazers,33,49,0.402,West,13,2022-23
1610612745,Rockets,22,60,0.268,West,14,2022-23
1610612766,Hornets,27,55,0.329,East,14,2022-23
1610612759,Spurs,22,60,0.268,West,15,2022-23
1610612765,Pistons,17,65,0.207,East,15,2022-23
1610612760,Thunder,57,25,0.695,West,1,2023-24
1610612738,Celtics,64,18,0.78,East,1,2023-24
1610612743,Nuggets,57,25,0.695,West,2,2023-24
1610612752,Knicks,50,32,0.61,East,2,2023-24
1610612750,Timberwolves,56,26,0.683,West,3,2023-24
1610612749,Bucks,49,33,0.598,East,3,2023-24
1610612739,Cavaliers,48,34,0.585,East,4,2023-24
1610612746,Clippers,51,31,0.622,West,4,2023-24
1610612753,Magic,47,35,0.573,East,5,2023-24
1610612742,Mavericks,50,32,0.61,West,5,2023-24
1610612756,Suns,49,33,0.598,West,6,2023-24
1610612754,Pacers,47,35,0.573,East,6,2023-24
1610612740,Pelicans,49,33,0.598,West,7,2023-24
1610612755,76ers,47,35,0.573,East,7,2023-24
1610612747,Lakers,47,35,0.573,West,8,2023-24
1610612748,Heat,46,36,0.561,East,8,2023-24
1610612741,Bulls,39,43,0.476,East,9,2023-24
1610612758,Kings,46,36,0.561,West,9,2023-24
1610612737,Hawks,36,46,0.439,East,10,2023-24
1610612744,Warriors,46,36,0.561,West,10,2023-24
1610612751,Nets,32,50,0.39,East,11,2023-24
1610612745,Rockets,41,41,0.5,West,11,2023-24
1610612761,Raptors,25,57,0.305,East,12,2023-24
1610612762,Jazz,31,51,0.378,West,12,2023-24
1610612766,Hornets,21,61,0.256,East,13,2023-24
1610612763,Grizzlies,27,55,0.329,West,13,2023-24
1610612759,Spurs,22,60,0.268,West,14,2023-24
1610612764,Wizards,15,67,0.183,East,14,2023-24
1610612765,Pistons,14,68,0.171,East,15,2023-24
1610612757,Trail Blazers,21,61,0.256,West,15,2023-24
1610612739,Cavaliers,64,18,0.78,East,1,2024-25
1610612760,Thunder,68,14,0.829,West,1,2024-25
1610612738,Celtics,61,21,0.744,East,2,2024-25
1610612745,Rockets,52,30,0.634,West,2,2024-25
1610612747,Lakers,50,32,0.61,West,3,2024-25
1610612752,Knicks,51,31,0.622,East,3,2024-25
1610612743,Nuggets,50,32,0.61,West,4,2024-25
1610612754,Pacers,50,32,0.61,East,4,2024-25
1610612749,Bucks,48,34,0.585,East,5,2024-25
1610612746,Clippers,50,32,0.61,West,5,2024-25
1610612750,Timberwolves,49,33,0.598,West,6,2024-25
1610612765,Pistons,44,38,0.537,East,6,2024-25
1610612753,Magic,41,41,0.5,East,7,2024-25
1610612744,Warriors,48,34,0.585,West,7,2024-25
1610612737,Hawks,40,42,0.488,East,8,2024-25
1610612763,Grizzlies,48,34,0.585,West,8,2024-25
1610612758,Kings,40,42,0.488,West,9,2024-25
1610612741,Bulls,39,43,0.476,East,9,2024-25
1610612742,Mavericks,39,43,0.476,West,10,2024-25
1610612748,Heat,37,45,0.451,East,10,2024-25
1610612761,Raptors,30,52,0.366,East,11,2024-25
1610612756,Suns,36,46,0.439,West,11,2024-25
1610612757,Trail Blazers,36,46,0.439,West,12,2024-25
1610612751,Nets,26,56,0.317,East,12,2024-25
1610612755,76ers,24,58,0.293,East,13,2024-25
1610612759,Spurs,34,48,0.415,West,13,2024-25
1610612766,Hornets,19,63,0.232,East,14,2024-25
1610612740,Pelicans,21,61,0.256,West,14,2024-25
1610612764,Wizards,18,64,0.22,East,15,2024-25
1610612762,Jazz,17,65,0.207,West,15,2024-25
1610612760,Thunder,18,1,0.947,West,1,2025-26
1610612765,Pistons,15,3,0.833,East,1,2025-26
1610612761,Raptors,14,5,0.737,East,2,2025-26
1610612747,Lakers,13,4,0.765,West,2,2025-26
1610612748,Heat,13,6,0.684,East,3,2025-26
1610612743,Nuggets,13,4,0.765,West,3,2025-26
1610612745,Rockets,12,4,0.75,West,4,2025-26
1610612752,Knicks,11,6,0.647,East,4,2025-26
1610612739,Cavaliers,12,7,0.632,East,5,2025-26
1610612759,Spurs,12,5,0.706,West,5,2025-26
1610612756,Suns,12,7,0.632,West,6,2025-26
1610612737,Hawks,11,8,0.579,East,6,2025-26
1610612753,Magic,11,8,0.579,East,7,2025-26
1610612750,Timberwolves,10,8,0.556,West,7,2025-26
1610612738,Celtics,10,8,0.556,East,8,2025-26
1610612744,Warriors,10,10,0.5,West,8,2025-26
1610612741,Bulls,9,8,0.529,East,9,2025-26
1610612757,Trail Blazers,8,11,0.421,West,9,2025-26
1610612755,76ers,9,8,0.529,East,10,2025-26
1610612763,Grizzlies,7,12,0.368,West,10,2025-26
1610612762,Jazz,5,12,0.294,West,11,2025-26
1610612749,Bucks,8,11,0.421,East,11,2025-26
1610612746,Clippers,5,13,0.278,West,12,2025-26
1610612766,Hornets,4,14,0.222,East,12,2025-26
1610612758,Kings,5,14,0.263,West,13,2025-26
1610612751,Nets,3,14,0.176,East,13,2025-26
1610612742,Mavericks,5,14,0.263,West,14,2025-26
1610612764,Wizards,2,15,0.118,East,14,2025-26
1610612740,Pelicans,3,16,0.158,West,15,2025-26
1610612754,Pacers,2,16,0.111,East,15,2025-26